source,alias,team_key
# === EPL 2024-25 ===
fd,Arsenal,Arsenal
fd,Aston Villa,Aston Villa
fd,Bournemouth,Bournemouth
fd,Brentford,Brentford
fd,Brighton,Brighton
fd,Chelsea,Chelsea
fd,Crystal Palace,Crystal Palace
fd,Everton,Everton
fd,Fulham,Fulham
fd,Ipswich,Ipswich Town
fd,Leicester,Leicester City
fd,Liverpool,Liverpool
fd,Man City,Manchester City
fd,Man United,Manchester United
fd,Newcastle,Newcastle United
fd,Nott'm Forest,Nottingham Forest
fd,Southampton,Southampton
fd,Spurs,Tottenham Hotspur
fd,West Ham,West Ham United
fd,Wolves,Wolverhampton
# football-data.co.uk (historical, mùa cũ)
fd,Tottenham,Tottenham Hotspur
fd,Manchester City,Manchester City
fd,Manchester United,Manchester United
fd,Nottingham Forest,Nottingham Forest
fd,Leeds,Leeds United
fd,Norwich,Norwich City
fd,Burnley,Burnley
fd,Watford,Watford
fd,Sheffield United,Sheffield United
fd,Huddersfield,Huddersfield Town
# === API-Football / Understat ===
apifootball,Arsenal FC,Arsenal
apifootball,Chelsea FC,Chelsea
apifootball,Liverpool FC,Liverpool
apifootball,Manchester City,Manchester City
apifootball,Manchester United,Manchester United
apifootball,Newcastle United,Newcastle United
apifootball,Tottenham Hotspur,Tottenham Hotspur
apifootball,Aston Villa,Aston Villa
apifootball,West Ham United,West Ham United
apifootball,Wolverhampton Wanderers,Wolverhampton
apifootball,Brighton & Hove Albion,Brighton
apifootball,Brentford FC,Brentford
apifootball,Fulham FC,Fulham
apifootball,Crystal Palace,Crystal Palace
apifootball,Nottingham Forest,Nottingham Forest
apifootball,Everton FC,Everton
apifootball,Bournemouth,Bournemouth
apifootball,Leicester City,Leicester City
apifootball,Ipswich Town,Ipswich Town
apifootball,Southampton FC,Southampton
understat,Arsenal,Arsenal
understat,Chelsea,Chelsea
understat,Liverpool,Liverpool
understat,Manchester City,Manchester City
understat,Manchester United,Manchester United
understat,Newcastle United,Newcastle United
understat,Tottenham,Tottenham Hotspur
understat,Aston Villa,Aston Villa
understat,West Ham,West Ham United
understat,Wolverhampton Wanderers,Wolverhampton
understat,Brighton,Brighton
understat,Brentford,Brentford
understat,Fulham,Fulham
understat,Crystal Palace,Crystal Palace
understat,Nottingham Forest,Nottingham Forest
understat,Everton,Everton
understat,Bournemouth,Bournemouth
understat,Leicester,Leicester City
understat,Ipswich,Ipswich Town
understat,Southampton,Southampton
# === Open-Meteo venue_map ===
openmeteo,Emirates Stadium,Arsenal
openmeteo,Anfield,Liverpool
openmeteo,City of Manchester Stadium,Manchester City
openmeteo,Old Trafford,Manchester United
openmeteo,Stamford Bridge,Chelsea
openmeteo,Tottenham Hotspur Stadium,Tottenham Hotspur
openmeteo,St. James' Park,Newcastle United
openmeteo,Villa Park,Aston Villa
openmeteo,London Stadium,West Ham United
openmeteo,Molineux Stadium,Wolverhampton
openmeteo,Amex Stadium,Brighton
openmeteo,Brentford Community Stadium,Brentford
openmeteo,Craven Cottage,Fulham
openmeteo,Selhurst Park,Crystal Palace
openmeteo,City Ground,Nottingham Forest
openmeteo,Goodison Park,Everton
openmeteo,Vitality Stadium,Bournemouth
openmeteo,King Power Stadium,Leicester City
openmeteo,Portman Road,Ipswich Town
openmeteo,St Mary's Stadium,Southampton
# === TheSportsDB ===
thesportsdb,Arsenal,Arsenal
thesportsdb,Chelsea,Chelsea
thesportsdb,Liverpool,Liverpool
thesportsdb,Manchester City,Manchester City
thesportsdb,Manchester United,Manchester United
thesportsdb,Newcastle United,Newcastle United
thesportsdb,Tottenham Hotspur,Tottenham Hotspur
# === Wikidata ===
wikidata,Arsenal F.C.,Arsenal
wikidata,Chelsea F.C.,Chelsea
wikidata,Liverpool F.C.,Liverpool
wikidata,Manchester City F.C.,Manchester City
wikidata,Manchester United F.C.,Manchester United
wikidata,Newcastle United F.C.,Newcastle United
wikidata,Tottenham Hotspur F.C.,Tottenham Hotspur
wikidata,Aston Villa F.C.,Aston Villa
wikidata,West Ham United F.C.,West Ham United
wikidata,Wolverhampton Wanderers F.C.,Wolverhampton
wikidata,Brighton & Hove Albion F.C.,Brighton
wikidata,Brentford F.C.,Brentford
wikidata,Fulham F.C.,Fulham
wikidata,Crystal Palace F.C.,Crystal Palace
wikidata,Nottingham Forest F.C.,Nottingham Forest
wikidata,Everton F.C.,Everton
wikidata,A.F.C. Bournemouth,Bournemouth
wikidata,Leicester City F.C.,Leicester City
wikidata,Ipswich Town F.C.,Ipswich Town
wikidata,Southampton F.C.,Southampton
# === Reddit / Odds API (tên tự do) ===
reddit,Arsenal,Arsenal
reddit,Chelsea,Chelsea
reddit,Liverpool,Liverpool
reddit,Man City,Manchester City
reddit,Man United,Manchester United
reddit,Spurs,Tottenham Hotspur
odds,Arsenal,Arsenal
odds,Chelsea,Chelsea
odds,Liverpool,Liverpool
odds,Manchester City,Manchester City
odds,Manchester United,Manchester United
odds,Tottenham Hotspur,Tottenham Hotspur
odds,Aston Villa,Aston Villa
odds,West Ham United,West Ham United
odds,Wolverhampton Wanderers,Wolverhampton
odds,Brighton and Hove Albion,Brighton
odds,Brentford,Brentford
odds,Fulham,Fulham
odds,Crystal Palace,Crystal Palace
odds,Nottingham Forest,Nottingham Forest
odds,Everton,Everton
odds,Bournemouth,Bournemouth
odds,Leicester City,Leicester City
odds,Ipswich Town,Ipswich Town
odds,Southampton,Southampton
odds,Newcastle United,Newcastle United
openmeteo,Etihad Stadium,Manchester City
openmeteo,Hill Dickinson Stadium,Everton
openmeteo,St James’ Park,Newcastle United
openmeteo,Stadium of Light,Sunderland
openmeteo,Elland Road,Leeds United
openmeteo,Coventry Building Society Arena,Coventry City
openmeteo,Brighton Community Stadium,Brighton
openmeteo,MKM Stadium,Hull City
openmeteo,Griffin Park,Brentford
openmeteo,Dean Court,Bournemouth
fd,Sunderland,Sunderland
understat,Sunderland,Sunderland
wikidata,Wolverhampton,Wolverhampton
wikidata,AC Milan,AC Milan
wikidata,AS Roma,AS Roma
wikidata,Athletic Bilbao,Athletic Bilbao
wikidata,Atlético Madrid,Atlético Madrid
wikidata,Bayer Leverkusen,Bayer Leverkusen
wikidata,Bayern Munich,Bayern Munich
wikidata,Borussia Dortmund,Borussia Dortmund
wikidata,Bundesliga,Bundesliga
wikidata,Champions League,Champions League
wikidata,Eintracht Frankfurt,Eintracht Frankfurt
wikidata,European Championship,European Championship
wikidata,FC Barcelona,FC Barcelona
wikidata,FIFA World Cup,FIFA World Cup
wikidata,Inter Milan,Inter Milan
wikidata,Juventus,Juventus
wikidata,La Liga,La Liga
wikidata,Ligue 1,Ligue 1
wikidata,Lyon,Lyon
wikidata,Marseille,Marseille
wikidata,Monaco,Monaco
wikidata,Napoli,Napoli
wikidata,PSG,PSG
wikidata,Premier League,Premier League
wikidata,RB Leipzig,RB Leipzig
wikidata,Real Betis,Real Betis
wikidata,Real Madrid,Real Madrid
wikidata,Serie A,Serie A
wikidata,Sevilla,Sevilla
wikidata,Valencia,Valencia
wikidata,Villarreal,Villarreal
odds,Coventry City,Coventry City
odds,Hull City,Hull City
odds,Leeds United,Leeds United
physioroom,AFC Bournemouth,Bournemouth
fd,Ajaccio,Ajaccio
fd,Alaves,Alaves
fd,Almeria,Almeria
fd,Angers,Angers
fd,Atalanta,Atalanta
fd,Ath Bilbao,Ath Bilbao
fd,Ath Madrid,Ath Madrid
fd,Augsburg,Augsburg
fd,Auxerre,Auxerre
fd,Barcelona,Barcelona
fd,Barnsley,Barnsley
fd,Benevento,Benevento
fd,Betis,Betis
fd,Bielefeld,Bielefeld
fd,Birmingham,Birmingham
fd,Blackburn,Blackburn
fd,Blackpool,Blackpool
fd,Bochum,Bochum
fd,Bologna,Bologna
fd,Bordeaux,Bordeaux
fd,Brest,Brest
fd,Bristol City,Bristol City
fd,Cadiz,Cadiz
fd,Cagliari,Cagliari
fd,Cardiff,Cardiff
fd,Celta,Celta
fd,Charlton,Charlton
fd,Clermont,Clermont
fd,Como,Como
fd,Coventry,Coventry
fd,Cremonese,Cremonese
fd,Crotone,Crotone
fd,Darmstadt,Darmstadt
fd,Derby,Derby
fd,Dijon,Dijon
fd,Dortmund,Dortmund
fd,Eibar,Eibar
fd,Ein Frankfurt,Ein Frankfurt
fd,Elche,Elche
fd,Empoli,Empoli
fd,Espanol,Espanol
fd,FC Koln,FC Koln
fd,Fiorentina,Fiorentina
fd,Freiburg,Freiburg
fd,Frosinone,Frosinone
fd,Genoa,Genoa
fd,Getafe,Getafe
fd,Girona,Girona
fd,Granada,Granada
fd,Greuther Furth,Greuther Furth
fd,Hamburg,Hamburg
fd,Heidenheim,Heidenheim
fd,Hertha,Hertha
fd,Hoffenheim,Hoffenheim
fd,Holstein Kiel,Holstein Kiel
fd,Huesca,Huesca
fd,Hull,Hull
fd,Inter,Inter
fd,Las Palmas,Las Palmas
fd,Lazio,Lazio
fd,Le Havre,Le Havre
fd,Lecce,Lecce
fd,Leganes,Leganes
fd,Lens,Lens
fd,Levante,Levante
fd,Leverkusen,Leverkusen
fd,Lille,Lille
fd,Lorient,Lorient
fd,Luton,Luton
fd,M'gladbach,M'gladbach
fd,Mainz,Mainz
fd,Mallorca,Mallorca
fd,Metz,Metz
fd,Middlesbrough,Middlesbrough
fd,Milan,Milan
fd,Millwall,Millwall
fd,Montpellier,Montpellier
fd,Monza,Monza
fd,Nantes,Nantes
fd,Nice,Nice
fd,Nimes,Nimes
fd,Osasuna,Osasuna
fd,Oviedo,Oviedo
fd,Oxford,Oxford
fd,Paris FC,Paris FC
fd,Paris SG,Paris SG
fd,Parma,Parma
fd,Peterboro,Peterboro
fd,Pisa,Pisa
fd,Plymouth,Plymouth
fd,Portsmouth,Portsmouth
fd,Preston,Preston
fd,QPR,QPR
fd,Reading,Reading
fd,Reims,Reims
fd,Rennes,Rennes
fd,Roma,Roma
fd,Rotherham,Rotherham
fd,Salernitana,Salernitana
fd,Sampdoria,Sampdoria
fd,Sassuolo,Sassuolo
fd,Schalke 04,Schalke 04
fd,Sheffield Weds,Sheffield Weds
fd,Sociedad,Sociedad
fd,Spezia,Spezia
fd,St Etienne,St Etienne
fd,St Pauli,St Pauli
fd,Stoke,Stoke
fd,Strasbourg,Strasbourg
fd,Stuttgart,Stuttgart
fd,Swansea,Swansea
fd,Torino,Torino
fd,Toulouse,Toulouse
fd,Troyes,Troyes
fd,Udinese,Udinese
fd,Union Berlin,Union Berlin
fd,Valladolid,Valladolid
fd,Vallecano,Vallecano
fd,Venezia,Venezia
fd,Verona,Verona
fd,Werder Bremen,Werder Bremen
fd,West Brom,West Brom
fd,Wigan,Wigan
fd,Wolfsburg,Wolfsburg
fd,Wrexham,Wrexham
fd,Wycombe,Wycombe
youtube,Arsenal highlight,Arsenal
youtube,Bóng đá Việt Nam highlight,unknown
youtube,Bản tin bóng đá 24h,unknown
youtube,Highlight bóng đá quốc tế mới nhất,unknown
youtube,Manchester United tin tức,Man United
youtube,Ngoại hạng Anh highlight,unknown
youtube,Real Madrid highlight,Real Madrid
youtube,Tin tức Ngoại hạng Anh,unknown
youtube,Tin tức bóng đá Bundesliga,unknown
youtube,Tin tức bóng đá La Liga,unknown
youtube,Tin tức bóng đá Ligue 1,unknown
youtube,Tin tức bóng đá Serie A,unknown
youtube,Điểm tin bóng đá thế giới,unknown
fdo,1. FC Köln,1. FC Köln
fdo,1. FC Union Berlin,1. FC Union Berlin
fdo,1. FSV Mainz 05,1. FSV Mainz 05
fdo,AC Monza,AC Monza
fdo,ACF Fiorentina,ACF Fiorentina
fdo,AJ Auxerre,AJ Auxerre
fdo,AS Monaco FC,AS Monaco FC
fdo,Angers SCO,Angers SCO
fdo,Aston Villa FC,Aston Villa
fdo,Atalanta BC,Atalanta BC
fdo,Athletic Club,Athletic Club
fdo,Bayer 04 Leverkusen,Bayer 04 Leverkusen
fdo,Bologna FC 1909,Bologna FC 1909
fdo,Borussia Mönchengladbach,Borussia Mönchengladbach
fdo,Brighton & Hove Albion FC,Brighton
fdo,CA Osasuna,CA Osasuna
fdo,Cagliari Calcio,Cagliari Calcio
fdo,Club Atlético de Madrid,Club Atlético de Madrid
fdo,Club Brugge KV,Club Brugge KV
fdo,Como 1907,Como 1907
fdo,Coventry City FC,Coventry City FC
fdo,Crystal Palace FC,Crystal Palace
fdo,Deportivo Alavés,Deportivo Alavés
fdo,ES Troyes AC,ES Troyes AC
fdo,Elche CF,Elche CF
fdo,FC Augsburg,FC Augsburg
fdo,FC Bayern München,FC Bayern München
fdo,FC Internazionale Milano,FC Internazionale Milano
fdo,FC Lorient,FC Lorient
fdo,FC Porto,FC Porto
fdo,FC Schalke 04,FC Schalke 04
fdo,FK Bodø/Glimt,FK Bodø/Glimt
fdo,FK Shakhtar Donetsk,FK Shakhtar Donetsk
fdo,Fenerbahçe SK,Fenerbahçe SK
fdo,Feyenoord Rotterdam,Feyenoord Rotterdam
fdo,Frosinone Calcio,Frosinone Calcio
fdo,Galatasaray SK,Galatasaray SK
fdo,Genoa CFC,Genoa CFC
fdo,Getafe CF,Getafe CF
fdo,Hamburger SV,Hamburger SV
fdo,Hull City AFC,Hull City AFC
fdo,Ipswich Town FC,Ipswich
fdo,Juventus FC,Juventus FC
fdo,LASK Linz,LASK Linz
fdo,Le Havre AC,Le Havre AC
fdo,Le Mans FC,Le Mans FC
fdo,Leeds United FC,Leeds
fdo,Levante UD,Levante UD
fdo,Lille OSC,Lille OSC
fdo,Manchester City FC,Man City
fdo,Manchester United FC,Man United
fdo,Málaga CF,Málaga CF
fdo,Newcastle United FC,Newcastle
fdo,Nottingham Forest FC,Nott'm Forest
fdo,OGC Nice,OGC Nice
fdo,Olympique Lyonnais,Olympique Lyonnais
fdo,Olympique de Marseille,Olympique de Marseille
fdo,PAE AEK,PAE AEK
fdo,PSV,PSV
fdo,Paris Saint-Germain FC,Paris Saint-Germain FC
fdo,Parma Calcio 1913,Parma Calcio 1913
fdo,RC Celta de Vigo,RC Celta de Vigo
fdo,RC Deportivo La Coruña,RC Deportivo La Coruña
fdo,RC Strasbourg Alsace,RC Strasbourg Alsace
fdo,RCD Espanyol de Barcelona,RCD Espanyol de Barcelona
fdo,Racing Club de Lens,Racing Club de Lens
fdo,Rayo Vallecano de Madrid,Rayo Vallecano de Madrid
fdo,Real Betis Balompié,Real Betis Balompié
fdo,Real Madrid CF,Real Madrid CF
fdo,Real Racing Club de Santander,Real Racing Club de Santander
fdo,Real Sociedad de Fútbol,Real Sociedad de Fútbol
fdo,SC Freiburg,SC Freiburg
fdo,SC Paderborn 07,SC Paderborn 07
fdo,SK Slavia Praha,SK Slavia Praha
fdo,SS Lazio,SS Lazio
fdo,SSC Napoli,SSC Napoli
fdo,SV 07 Elversberg,SV 07 Elversberg
fdo,SV Werder Bremen,SV Werder Bremen
fdo,Sabah FK,Sabah FK
fdo,Sevilla FC,Sevilla FC
fdo,Sporting Clube de Portugal,Sporting Clube de Portugal
fdo,Stade Brestois 29,Stade Brestois 29
fdo,Stade Rennais FC 1901,Stade Rennais FC 1901
fdo,Sunderland AFC,Sunderland AFC
fdo,TSG 1899 Hoffenheim,TSG 1899 Hoffenheim
fdo,Torino FC,Torino FC
fdo,Tottenham Hotspur FC,Tottenham
fdo,Toulouse FC,Toulouse FC
fdo,US Lecce,US Lecce
fdo,US Sassuolo Calcio,US Sassuolo Calcio
fdo,Udinese Calcio,Udinese Calcio
fdo,Valencia CF,Valencia CF
fdo,Venezia FC,Venezia FC
fdo,VfB Stuttgart,VfB Stuttgart
fdo,Viking FK,Viking FK
fdo,Villarreal CF,Villarreal CF
fdo,ŠK Slovan Bratislava,ŠK Slovan Bratislava
wikidata,Alexander Isak,Newcastle
wikidata,Alisson,Liverpool
wikidata,Ange Postecoglou,Tottenham
wikidata,Bernardo Silva,Man City
wikidata,Bruno Fernandes,Man United
wikidata,Bukayo Saka,Arsenal
wikidata,Carlo Ancelotti,unknown
wikidata,Cole Palmer,Chelsea
wikidata,Cristiano Ronaldo,unknown
wikidata,Declan Rice,Arsenal
wikidata,Erling Haaland,Man City
wikidata,Gavi,unknown
wikidata,Harry Kane,unknown
wikidata,Heung-min Son,Tottenham
wikidata,James Maddison,Tottenham
wikidata,José Mourinho,unknown
wikidata,Jude Bellingham,unknown
wikidata,Kevin De Bruyne,Man City
wikidata,Kobbie Mainoo,Man United
wikidata,Kylian Mbappé,unknown
wikidata,Lamine Yamal,unknown
wikidata,Lionel Messi,unknown
wikidata,Luka Modrić,unknown
wikidata,Martin Ødegaard,Arsenal
wikidata,Mikel Arteta,Arsenal
wikidata,Mohamed Salah,Liverpool
wikidata,Neymar,unknown
wikidata,Ollie Watkins,Aston Villa
wikidata,Pedri,unknown
wikidata,Pep Guardiola,Man City
wikidata,Phil Foden,Man City
wikidata,Robert Lewandowski,unknown
wikidata,Rodri,Man City
wikidata,Rúben Dias,Man City
wikidata,Thomas Tuchel,unknown
wikidata,Toni Kroos,unknown
wikidata,Trent Alexander-Arnold,Liverpool
wikidata,Unai Emery,Aston Villa
wikidata,Vinícius Jr.,unknown
wikidata,Virgil van Dijk,Liverpool
wikidata,Zinedine Zidane,unknown
